NEGARA,2016,2017,2018,2019,2020,2021,2022,2023,2016,2017,2018,2019,2020,2021,2022,2023,COUNTRY,
AFRICA," 19,082 "," 20,904 "," 19,029 "," 19,128 "," 19,664 "," 30,405 "," 40,464 "," 31,957 "," 6,889 "," 11,536 "," 12,403 "," 13,808 "," 11,674 "," 15,799 "," 19,431 "," 22,241 ",AFRICA,
ALGERIA, 513 , 509 , 499 , 568 , 368 , 483 , 536 , 432 , 4 , 9 , 358 , 298 , 726 , 880 ," 1,212 ", 108 ,ALGERIA,
ANGOLA, 621 , 956 , 698 , 787 , 593 , 760 ," 1,146 ", 561 , 4 , 7 , 62 , 659 , 297 ,, 435 , 116 ,ANGOLA,
BENIN," 1,186 "," 1,232 ", 707 , 371 , 412 , 390 , 685 , 723 , * , 34 , 2 , 16 , 5 , * , 10 , 1 ,BENIN,
BOTSWANA, 13 , 8 , 8 , 8 , 6 , 11 , 18 , 10 , * , * , * , * , * , * , 1 , 1 ,BOTSWANA,
BURKINA FASO, 10 , 32 , 26 , 14 , 23 , 33 , 15 , 8 , 33 , 22 , 21 , 1 , 35 , 19 , 23 , * ,BURKINA FASO,
BURUNDI, * , 6 , 3 , 1 , * , 1 , * , * , -   , -   , 1 , 1 , * , * , * , 7 ,BURUNDI,
CAMEROON, 173 , 256 , 174 , 183 , 225 , 185 , 725 , 399 , 298 , 346 , 332 , 455 , 490 , 401 , 347 ," 1,233 ",CAMEROON,
CAPE VERDE, 5 , 8 , 3 , 5 , 18 , 4 , 9 , 11 , -   , -   , * , * , -   , * , * , * ,CAPE VERDE,
CENTRAL AFRICAN REPUBLIC, 15 , 12 , 11 , 3 , 3 , 4 , 2 , 5 , 1 , * , 3 , 7 , 2 , 3 , 5 , 11 ,CENTRAL AFRICAN REPUBLIC,
CHAD, 1 , 2 , 8 , 12 , 3 , 1 , 1 , 4 , -   , * , * , * , * , * , * , 398 ,CHAD,
COMOROS, 19 , 19 , 19 , 19 , 15 , 19 , 38 , 29 , 1 , -   , * , -   , * , -   , * , -   ,COMOROS,
CONGO, 175 , 198 , 155 , 146 , 178 , 174 , 286 , 265 , 145 , 341 , 511 , 934 , 276 , 544 ," 1,315 ", 877 ,CONGO,
"CONGO, THE DEMOCRATIC REPUBLIC 
OF THE", 75 , 73 , 98 , 129 , 76 , 108 , 151 , 113 , 225 , 243 , 249 , 152 , 215 , 222 , 399 , 697 ,"CONGO, THE DEMOCRATIC REPUBLIC 
OF THE",
COTE D'IVOIRE, 281 , 355 , 431 , 274 , 481 , 501 , 612 , 527 ," 1,156 "," 2,539 "," 1,921 "," 2,700 "," 3,316 "," 3,661 "," 3,623 "," 4,019 ",COTE D'IVOIRE,
DJIBOUTI, 377 , 620 , 826 , 327 , 463 , 752 ," 1,647 "," 1,592 ", 1 , 1 , 3 , * , 14 , 7 , 1 , 11 ,DJIBOUTI,
EGYPT," 2,077 "," 2,066 "," 1,652 "," 1,839 "," 1,662 "," 2,872 "," 3,571 "," 2,311 ", 505 , 571 , 543 , 392 , 418 , 922 ," 1,119 "," 1,041 ",EGYPT,
EQUATORIAL GUINEA, 45 , 92 , 50 , 50 , 49 , 41 , 60 , 53 , * , 45 , * , 76 , 1 , -   , -   , 1 ,EQUATORIAL GUINEA,
ERITREA, 26 , 36 , 19 , 15 , 8 , 9 , 26 , 17 , -   , -   , * , -   , 69 , * , -   , -   ,ERITREA,
ESWATINI, 7 , 9 , 11 , 50 , 32 , 23 , 8 , 10 , 1 , 1 , 4 , 10 , 4 , * , * , 2 ,ESWATINI,
ETHIOPIA, 469 , 665 , 552 , 236 , 133 , 185 , 291 , 371 , 5 , 10 , 7 , 26 , 36 , 41 , 67 , 76 ,ETHIOPIA,
GABON, 139 , 159 , 114 , 152 , 112 , 98 , 104 , 123 , 367 ," 1,342 ", 239 , 771 , 202 , 897 ," 1,534 "," 1,832 ",GABON,
GAMBIA, 113 , 194 , 128 , 142 , 128 , 138 , 114 , 172 , -   , * , -   , 2 , 6 , -   , * , * ,GAMBIA,
GHANA, 804 ," 1,106 ", 906 , 696 ," 1,258 "," 2,363 "," 1,544 "," 1,048 ", 682 , 908 ," 1,015 ", 733 , 884 ," 1,929 "," 1,482 "," 1,032 ",GHANA,
GUINEA, 209 , 223 , 163 , 152 , 96 , 147 , 215 , 119 , 14 , 51 , 45 , 14 , 94 , 68 , 58 , 156 ,GUINEA,
GUINEA-BISSAU, 19 , 22 , 4 , 6 , 3 , 8 , 14 , 10 , -   , * , * , * , * , * , * , 3 ,GUINEA-BISSAU,
KENYA, 715 ," 1,042 ", 948 ," 1,505 "," 2,255 "," 4,667 "," 5,076 "," 5,401 ", 52 , 32 , 24 , 179 , 360 , 120 , 103 , 104 ,KENYA,
LESOTHO, 4 , 5 , 3 , 1 , 1 , 1 , 1 , 1 , * , * , * , * , * , * , * , * ,LESOTHO,
LIBERIA, 149 , 171 , 125 , 104 , 67 , 65 , 100 , 162 , 60 , 53 , 59 , 75 , 76 , 195 , 277 , 122 ,LIBERIA,
LIBYA, 115 , 89 , 81 , 72 , 61 , 79 , 55 , 98 , 14 , 341 ," 2,067 "," 1,214 ", 3 , 126 , 162 , 264 ,LIBYA,
MADAGASCAR, 331 , 431 , 373 , 337 , 349 , 574 , 551 , 518 , 36 , 23 , 23 , 32 , 68 , 71 , 75 , 105 ,MADAGASCAR,
MALAWI, 131 , 139 , 34 , 39 , 22 , 29 , 11 , 9 , 23 , 8 , 6 , 6 , 8 , 5 , 38 , 16 ,MALAWI,
MALI, 10 , 17 , 39 , 42 , 61 , 16 , 9 , 11 , 2 , 2 , -   , * , 88 , 108 , 7 , 2 ,MALI,
MAURITANIA, 205 , 267 , 189 , 212 , 259 , 203 , 342 , 512 , 6 , * , 2 , 3 , 5 , 64 , 3 , 1 ,MAURITANIA,
MAURITIUS, 354 , 361 , 356 , 366 , 292 , 341 , 489 , 469 , 15 , 17 , 13 , 6 , 18 , 23 , 4 , 7 ,MAURITIUS,
MAYOTTE, 41 , 13 , 15 , 11 , 10 , 12 , 9 , 14 , -   , -   , * , -   , -   , -   , -   , -   ,MAYOTTE,
MOROCCO, 286 , 313 , 360 , 277 , 333 , 375 , 500 , 624 , 102 , 114 , 96 , 121 , 144 , 166 , 174 , 195 ,MOROCCO,
MOZAMBIQUE, 652 , 830 , 686 , 885 ," 1,027 "," 1,998 "," 2,649 "," 1,620 ", 34 , 18 , 40 , 32 , 86 , 244 , 199 , 504 ,MOZAMBIQUE,
NAMIBIA, 19 , 21 , 18 , 24 , 23 , 20 , 51 , 215 , 7 , 2 , 84 , 101 , 28 , 2 , 14 , 29 ,NAMIBIA,
NIGER, 17 , 28 , 20 , 45 , 56 , 24 , 29 , 30 , 1 , * , * , * , -   , * , * , * ,NIGER,
NIGERIA," 2,964 "," 1,644 "," 1,720 "," 2,009 "," 2,686 "," 3,769 "," 2,337 "," 2,370 ", 445 , 833 ," 1,144 ", 888 , 862 ," 1,512 "," 1,362 "," 2,000 ",NIGERIA,
REUNION, 70 , 52 , 44 , 46 , 52 , 617 ," 2,592 ", 561 , 4 , 2 , 1 , 1 , 1 , 3 , 2 , 5 ,REUNION,
RWANDA, 10 , 11 , 15 , 15 , 5 , 24 , 5 , 7 , 67 , 62 , 89 , 38 , 24 , 74 , 71 , 105 ,RWANDA,
"SAINT HELENA, ASCENSION 
AND TRISTAN DA CUNHA", -   , * , * , * , * , * , 2 , 2 , -   , * , 1 , -   , * , * , * , 4 ,"SAINT HELENA, ASCENSION 
AND TRISTAN DA CUNHA",
SAO TOME AND PRINCIPE, 1 , 1 , 6 , 3 , 2 , 4 , 5 , 5 , -   , -   , -   , -   , -   , -   , * , * ,SAO TOME AND PRINCIPE,
SENEGAL, 244 , 365 , 382 , 293 , 264 , 614 , 898 ," 1,033 ", 17 , 8 , 4 , 9 , 6 , 5 , 3 , 13 ,SENEGAL,
SEYCHELLES, 147 , 111 , 50 , 69 , 44 , 57 , 39 , 57 , 5 , 15 , 26 , 45 , 8 , 1 , 1 , 4 ,SEYCHELLES,
SIERRA LEONE, 44 , 71 , 71 , 71 , 92 , 66 , 53 , 73 , 1 , 1 , 1 , * , 1 , 7 , 56 , 9 ,SIERRA LEONE,
SOMALIA, 344 , 387 , 336 , 361 , 378 , 362 , 553 , 557 , -   , * , 5 , * , 2 , 1 , * , * ,SOMALIA,
SOUTH AFRICA," 2,886 "," 3,333 "," 3,811 "," 3,478 "," 2,545 "," 3,439 "," 7,188 "," 4,439 "," 1,706 "," 2,957 "," 3,070 "," 3,080 "," 2,167 "," 1,948 "," 3,540 "," 3,485 ",SOUTH AFRICA,
SOUTH SUDAN, * , -   , -   , -   , -   , 1 , 1 , 2 , -   , -   , -   , -   , -   , * , * , * ,SOUTH SUDAN,
SUDAN, 187 , 371 , 236 , 250 , 265 , 123 , 276 , 237 , 3 , 29 , 3 , 9 , 5 , 473 , 729 ," 2,144 ",SUDAN,
"TANZANIA, UNITED REPUBLIC OF"," 1,064 ", 971 , 699 , 943 , 659 ," 1,635 "," 1,785 "," 2,033 ", 629 , 263 , 86 , 273 , 302 , 83 , 160 , 366 ,"TANZANIA, UNITED REPUBLIC OF",
TOGO, 357 , 678 , 584 ," 1,022 ", 673 ," 1,366 "," 2,316 "," 1,342 ", 9 , 10 , 33 , 55 , 96 , 36 , 398 , 490 ,TOGO,
TUNISIA, 257 , 201 , 419 , 395 , 482 , 511 , 659 , 557 , 83 , 132 , 104 , 101 , 109 , 103 , 178 , 433 ,TUNISIA,
UGANDA, 42 , 84 , 54 , 39 , 31 , 68 , 33 , 37 , 86 , 98 , 65 , 108 , 97 , 102 , 60 , 156 ,UGANDA,
WESTERN SAHARA, -   , -   , -   , -   , -   , -   , 1 , -   , -   , -   , -   , -   , -   , -   , -   , -   ,WESTERN SAHARA,
"ZAIRE, REPUBLIC OF", -   , -   , -   , -   , -   , -   , -   , -   , -   , -   , -   , -   , -   , -   , -   , -   ,"ZAIRE, REPUBLIC OF",
ZAMBIA, 12 , 20 , 57 , 21 , 23 , 25 , 26 , 30 , 26 , 40 , 34 , 182 , 12 , 148 , 178 , 41 ,ZAMBIA,
ZIMBABWE, 50 , 22 , 34 , 5 , 306 , 10 , 8 , 19 , 14 , 3 , 3 , 4 , 8 , 4 , 6 , 14 ,ZIMBABWE,
,,,,,,,,,,,,,,,,,,
SOUTH AMERICA," 15,374 "," 18,264 "," 17,181 "," 16,897 "," 16,592 "," 25,254 "," 30,335 "," 31,744 "," 17,034 "," 19,847 "," 18,000 "," 19,119 "," 20,105 "," 24,604 "," 28,844 "," 30,611 ",SOUTH AMERICA,
,,,,,,,,,,,,,,,,,,
ANGUILLA, * , -   , * , -   , * , * , * , * , * , -   , -   , -   , -   , * , * , -   ,ANGUILLA,
ANTIGUA & BARBUDA, 5 , 4 , 4 , 2 , 2 , 6 , 5 , 8 , 1 , * , * , * , -   , * , -   , * ,ANTIGUA & BARBUDA,
ARGENTINA, 809 , 930 , 573 , 363 , 533 , 826 , 687 , 720 ," 4,232 "," 5,000 "," 4,813 "," 4,611 "," 5,166 "," 6,886 "," 8,197 "," 7,510 ",ARGENTINA,
ARUBA, 5 , 1 , 2 , * , * , * , 1 , 1 , * , * , * , 208 , * , -   , -   , -   ,ARUBA,
BAHAMAS, 23 , 11 , 16 , 9 , 6 , 3 , 3 , 4 , 27 , 69 , 61 , * , 1 , 7 , 7 , 5 ,BAHAMAS,
BARBADOS, 8 , 7 , 13 , 10 , 10 , 21 , 15 , 16 , * , 65 , 2 , 3 , 4 , 7 , 7 , 9 ,BARBADOS,
BELIZE, 11 , 12 , 8 , 7 , 8 , 9 , 10 , 13 , 1 , * , 2 , 2 , * , 13 , 15 , 2 ,BELIZE,
BERMUDA, 1 , 1 , 1 , 2 , 4 , 1 , 3 , 2 , * , * , -   , * , * , 2 , * , -   ,BERMUDA,
"BOLIVIA, PLURINATIONAL STATE OF", 30 , 35 , 48 , 54 , 46 , 84 , 95 , 101 , 60 , 22 , 15 , 34 , 59 , 24 , 33 , 9 ,"BOLIVIA, PLURINATIONAL STATE OF",
"BONAIRE, SINT EUSTATIUS AND SABA", -   , -   , -   , -   , -   , -   , -   , * , -   , -   , -   , -   , * , -   , * , * ,"BONAIRE, SINT EUSTATIUS AND SABA",
BOUVET ISLAND, -   , -   , -   , -   , -   , -   , -   , -   , -   , -   , -   , -   , -   , -   , -   , -   ,BOUVET ISLAND,
BRAZIL," 2,945 "," 3,659 "," 3,667 "," 3,660 "," 3,059 "," 4,294 "," 4,663 "," 4,998 "," 8,453 "," 9,047 "," 7,934 "," 7,546 "," 8,696 "," 11,578 "," 12,197 "," 12,463 ",BRAZIL,
CAYMAN ISLANDS, 2 , 1 , 1 , 1 , 1 , 1 , 2 , 2 , * , * , * , * , * , * , 10 , 1 ,CAYMAN ISLANDS,
CHILE, 681 , 714 , 812 , 729 , 680 , 939 , 906 , 610 , 457 , 786 , 505 , 920 , 466 , 903 ," 1,473 "," 1,378 ",CHILE,
COLOMBIA, 347 , 420 , 538 , 471 , 425 , 653 , 643 , 533 , 121 , 250 , 472 , 305 , 494 , 403 , 667 ," 1,453 ",COLOMBIA,
COSTA RICA, 179 , 256 , 401 , 255 ," 1,290 "," 3,890 "," 3,683 "," 2,914 ", 87 , 84 , 102 , 113 , 227 , 768 ," 1,046 "," 1,408 ",COSTA RICA,
CUBA, 73 , 25 , 20 , 18 , 13 , 22 , 28 , 30 , 10 , 5 , 5 , 5 , 6 , 9 , 48 , 44 ,CUBA,
CURACAO, 3 , 3 , 6 , 5 , 7 , 2 , 4 , 4 , 1 , * , * , * , * , * , * , 5 ,CURACAO,
DOMINICA, 4 , 5 , 5 , 4 , 2 , 3 , 3 , 5 , * , * , 1 , * , -   , * , * , * ,DOMINICA,
DOMINICAN REPUBLIC, 138 , 201 , 145 , 156 , 159 , 260 , 211 , 183 , 17 , 22 , 12 , 20 , 37 , 63 , 40 , 103 ,DOMINICAN REPUBLIC,
ECUADOR, 70 , 145 , 129 , 119 , 108 , 143 , 179 , 292 , 266 , 487 , 518 , 359 , 637 , 798 , 952 ," 1,638 ",ECUADOR,
EL SALVADOR, 67 , 70 , 70 , 46 , 45 , 74 , 85 , 63 , 4 , 2 , 10 , 4 , 9 , 4 , 13 , 9 ,EL SALVADOR,
FALKLAND ISLAND (MALVINAS), -   , -   , * , -   , -   , * , * , * , * , -   , 3 , 6 , 10 , -   , -   , 13 ,FALKLAND ISLAND (MALVINAS),
FRENCH GUIANA, 3 , 2 , 3 , 9 , 1 , 3 , 4 , 3 , -   , -   , -   , -   , -   , -   , -   , -   ,FRENCH GUIANA,
GRENADA, 37 , 38 , 16 , 3 , 4 , 3 , 4 , 4 , * , * , * , 1 , * , * , 2 , * ,GRENADA,
GUADELOUPE, 8 , 7 , 9 , 4 , 9 , 3 , 7 , 3 , * , 1 , * , * , * , * , -   , * ,GUADELOUPE,
GUATEMALA, 134 , 146 , 124 , 217 , 138 , 215 , 274 , 239 , 173 , 250 , 48 , 160 , 143 , 163 , 70 , 79 ,GUATEMALA,
GUYANA, 24 , 29 , 34 , 24 , 23 , 49 , 42 , 51 , 7 , 4 , 2 , 2 , 1 , 1 , 1 , 6 ,GUYANA,
HAITI, 43 , 96 , 75 , 68 , 73 , 35 , 28 , 30 , * , 1 , 3 , 3 , 6 , 2 , 1 , 26 ,HAITI,
HONDURAS, 100 , 72 , 103 , 71 , 52 , 106 , 107 , 137 , 6 , 10 , 5 , 9 , 7 , 9 , 24 , 21 ,HONDURAS,
JAMAICA, 85 , 70 , 70 , 50 , 55 , 58 , 93 , 67 , 2 , 3 , 4 , 6 , 5 , 11 , 6 , 11 ,JAMAICA,
MARTINIQUE, 6 , 10 , 11 , 15 , 8 , 11 , 15 , 7 , -   , * , -   , * , -   , -   , -   , * ,MARTINIQUE,
MEXICO," 7,846 "," 9,611 "," 8,380 "," 9,055 "," 8,406 "," 11,596 "," 16,707 "," 18,716 "," 1,549 "," 1,402 "," 1,485 "," 1,730 "," 1,695 "," 2,304 "," 2,933 "," 3,064 ",MEXICO,
MONTSERRAT, -   , 2 , * , -   , * , 1 , -   , -   , -   , -   , -   , -   , -   , -   , -   , * ,MONTSERRAT,
NETHERLANDS ANTILLES, -   , -   , -   , -   , -   , -   , -   , -   , -   , -   , -   , -   , -   , -   , -   , -   ,NETHERLANDS ANTILLES,
NICARAGUA, 31 , 22 , 54 , 36 , 20 , 34 , 33 , 19 , 3 , 52 , 30 , 17 , 38 , 11 , 38 , 43 ,NICARAGUA,
PANAMA, 462 , 510 , 516 , 448 , 368 , 598 , 384 , 295 , 52 , 11 , 199 , 10 , 4 , 11 , 12 , 31 ,PANAMA,
PARAGUAY, 49 , 32 , 30 , 26 , 18 , 30 , 46 , 111 , 57 , 30 , * , 4 , 12 , 14 , 13 , 17 ,PARAGUAY,
PERU, 508 , 505 , 758 , 502 , 649 , 791 , 775 , 651 , 317 , 590 , 454 , 344 , 429 , 434 , 627 , 834 ,PERU,
PUERTO RICO, 71 , 80 , 185 , 82 , 143 , 151 , 144 , 400 , 30 , 52 , 47 , 20 , 50 , 43 , 75 , 119 ,PUERTO RICO,
SAINT KITTS AND NEVIS, * , 1 , * , 3 , * , 1 , 1 , 1 , -   , -   , -   , -   , -   , -   , -   , * ,SAINT KITTS AND NEVIS,
SAINT LUCIA, 2 , 2 , 3 , 3 , 1 , 6 , 2 , 3 , -   , -   , * , -   , -   , * , * , * ,SAINT LUCIA,
"SAINT VINCENT AND THE 
GRENADINES", 3 , 6 , 7 , 7 , 6 , 3 , 2 , 29 , -   , -   , -   , -   , -   , -   , 139 , * ,"SAINT VINCENT AND THE 
GRENADINES",
SINT MAARTEEN (DUTCH PART), * , * , -   , -   , -   , -   , -   , * , -   , -   , 1 , * , -   , -   , -   , -   ,SINT MAARTEEN (DUTCH PART),
SURINAME, 15 , 35 , 42 , 47 , 35 , 21 , 34 , 25 , 2 , 2 , 11 , 5 , 1 , 4 , 2 , 25 ,SURINAME,
TRINIDAD AND TOBAGO, 235 , 128 , 114 , 107 , 86 , 124 , 155 , 262 , 106 , 2 , 78 , 3 , 10 , 9 , 10 , 14 ,TRINIDAD AND TOBAGO,
"UNITED STATE MINOR 
OUTLYING ISLANDS", 2 , 2 , 3 , -   , 1 , 6 , * , * , -   , * , -   , * , 1 , -   , -   , * ,"UNITED STATE MINOR 
OUTLYING ISLANDS",
URUGUAY, 93 , 166 , 82 , 82 , 76 , 130 , 201 , 153 , 89 , 53 , 26 , 29 , 36 , 43 , 69 , 91 ,URUGUAY,
"VENEZUELA, BOLIVARIAN REPUBLIC OF", 150 , 32 , 107 , 53 , 21 , 43 , 48 , 40 , 897 ," 1,541 "," 1,139 "," 2,638 "," 1,838 ", 76 , 114 , 179 ,"VENEZUELA, BOLIVARIAN REPUBLIC OF",
"VIRGIN ISLANDS, BRITISH", 69 , * , * , 1 , * , * , 1 , 2 , 4 , 5 , 9 , 2 , 13 , 2 , 1 , * ,"VIRGIN ISLANDS, BRITISH",
"VIRGIN ISLANDS, U.S", 1 , 157 , 1 , 71 , 1 , * , 1 , * , 1 , -   , 2 , -   , 2 , 1 , * , * ,"VIRGIN ISLANDS, U.S",
CANADA," 2,923 "," 3,525 "," 3,550 "," 3,533 "," 3,978 "," 6,359 "," 4,882 "," 4,174 "," 2,771 "," 3,047 "," 3,273 "," 3,346 "," 3,045 "," 3,567 "," 5,466 "," 4,301 ",CANADA,
SAINT BARTHELEMY, -   , -   , -   , -   , -   , -   , -   , -   , -   , -   , -   , -   , -   , -   , -   , -   ,SAINT BARTHELEMY,
SAINT MARTIN (FRENCH PART), -   , -   , -   , -   , -   , -   , -   , -   , -   , -   , -   , -   , -   , -   , -   , -   ,SAINT MARTIN (FRENCH PART),
SAINT PIERRE AND MIQUELON, -   , -   , * , * , -   , -   , -   , -   , -   , -   , -   , -   , -   , -   , * , -   ,SAINT PIERRE AND MIQUELON,
TURKS AND CAICOS ISLANDS, * , -   , * , 1 , * , * , * , 1 , -   , * , * , * , -   , -   , -   , -   ,TURKS AND CAICOS ISLANDS,
UNITED STATES," 80,233 "," 88,680 "," 90,811 "," 96,542 "," 109,080 "," 142,244 "," 167,208 "," 161,272 "," 55,658 "," 65,275 "," 64,947 "," 68,678 "," 69,705 "," 74,727 "," 100,421 "," 88,850 ",UNITED STATES,
AFGHANISTAN, 354 , 518 , 431 , 455 , 497 , 894 ," 1,574 "," 1,535 ", 1 , 2 , 4 , * , * , * , 2 , 17 ,AFGHANISTAN,
ARMENIA, 17 , 8 , 4 , 5 , 7 , 7 , 8 , 14 , 1 , * , * , 1 , 1 , 1 , 1 , * ,ARMENIA,
AZERBAIJAN, 35 , 49 , 230 , 122 , 96 , 125 , 41 , 120 , 1 , 3 , 1 , 1 , 287 , * , * , 2 ,AZERBAIJAN,
BAHRAIN, 266 , 456 , 278 , 273 , 257 , 354 , 248 , 214 , 595 , 558 , 442 , 956 ," 3,070 "," 1,105 ", 866 ," 1,281 ",BAHRAIN,
BANGLADESH," 5,167 "," 6,545 "," 9,012 "," 9,732 "," 5,163 "," 9,358 "," 18,263 "," 11,204 ", 788 , 950 ," 1,064 ", 958 , 872 ," 1,300 "," 1,428 "," 1,499 ",BANGLADESH,
BHUTAN, 6 , 3 , 4 , 5 , 6 , 7 , 9 , 9 , * , 1 , 1 , * , * , * , * , * ,BHUTAN,
BRITISH INDIAN OCEAN TERRITORY, * , 1 , -   , -   , * , 1 , * , 1 , -   , -   , -   , -   , * , -   , -   , * ,BRITISH INDIAN OCEAN TERRITORY,
BRUNEI DARUSSALAM," 2,124 "," 2,308 "," 2,213 "," 2,289 "," 2,776 "," 5,213 "," 7,649 "," 6,404 ", 651 ," 2,600 "," 1,749 "," 1,941 "," 1,937 "," 2,131 "," 5,793 "," 2,971 ",BRUNEI DARUSSALAM,
CAMBODIA," 1,182 "," 1,247 "," 1,549 "," 2,595 "," 1,495 "," 1,894 "," 2,311 "," 2,348 ", 584 , 709 , 706 , 685 , 478 , 454 , 693 , 675 ,CAMBODIA,
CHINA," 98,578 "," 125,957 "," 139,147 "," 140,931 "," 159,223 "," 192,475 "," 210,554 "," 191,885 "," 142,387 "," 164,445 "," 175,417 "," 175,667 "," 172,217 "," 229,016 "," 275,826 "," 258,127 ",CHINA,
GEORGIA, 79 , 109 , 87 , 110 , 157 , 209 , 136 , 175 , 15 , 6 , 69 , 16 , 16 , 29 , 15 , 94 ,GEORGIA,
HONG KONG," 37,641 "," 47,713 "," 74,831 "," 66,624 "," 68,167 "," 76,706 "," 95,671 "," 89,836 "," 12,669 "," 14,011 "," 15,141 "," 14,064 "," 14,196 "," 17,637 "," 17,601 "," 15,250 ",HONG KONG,
INDIA," 31,999 "," 34,531 "," 36,343 "," 38,587 "," 30,404 "," 45,203 "," 54,762 "," 45,533 "," 16,702 "," 26,853 "," 26,497 "," 24,285 "," 24,930 "," 24,531 "," 31,458 "," 29,852 ",INDIA,
INDONESIA," 27,945 "," 33,631 "," 31,907 "," 31,328 "," 29,589 "," 39,180 "," 55,736 "," 50,910 "," 29,486 "," 37,879 "," 40,490 "," 38,898 "," 36,694 "," 56,127 "," 73,968 "," 60,301 ",INDONESIA,
"IRAN, ISLAMIC REPUBLIC OF"," 2,163 "," 3,254 "," 2,788 "," 1,789 "," 1,345 "," 2,344 "," 3,447 "," 1,875 ", 642 ," 1,267 "," 1,008 ", 192 , 216 , 283 , 237 , 213 ,"IRAN, ISLAMIC REPUBLIC OF",
IRAQ, 481 , 551 , 535 , 504 , 501 ," 1,864 "," 3,447 "," 1,943 ", 437 ," 1,799 "," 1,386 "," 1,260 "," 1,269 "," 1,900 "," 1,230 ", 447 ,IRAQ,
JAPAN," 63,743 "," 75,597 "," 70,385 "," 65,998 "," 62,561 "," 75,816 "," 98,658 "," 85,830 "," 56,982 "," 63,611 "," 63,858 "," 63,594 "," 61,581 "," 73,942 "," 83,076 "," 70,917 ",JAPAN,
JORDAN, 408 , 411 , 461 , 488 , 378 , 800 , 784 , 681 , 291 , 243 , 275 , 211 , 238 , 335 , 738 , 513 ,JORDAN,
KAZAKHSTAN, 181 , 297 , 360 , 269 , 434 , 363 , 567 , 466 , 23 , 40 , 37 , 14 , 17 , 44 , 5 , 9 ,KAZAKHSTAN,
"KOREA, REPUBLIC OF"," 22,905 "," 28,586 "," 34,237 "," 34,230 "," 34,714 "," 38,224 "," 54,906 "," 56,387 "," 36,675 "," 39,119 "," 39,284 "," 38,828 "," 46,113 "," 50,084 "," 59,187 "," 55,298 ","KOREA, REPUBLIC OF",
KUWAIT, 740 , 809 , 885 , 707 , 548 , 763 , 878 , 871 ," 1,859 "," 1,122 "," 1,928 ", 820 , 788 , 942 ," 3,342 "," 2,819 ",KUWAIT,
KYRGYZSTAN, 8 , 10 , 9 , 8 , 5 , 10 , 39 , 161 , * , * , * , * , * , * , 1 , 1 ,KYRGYZSTAN,
"LAO, PEOPLE'S DEMOCRATIC REPUBLIC", 77 , 62 , 41 , 34 , 56 , 113 , 946 , 135 , 51 , 24 , 29 , 41 , 48 , 89 , 181 , 75 ,"LAO, PEOPLE'S DEMOCRATIC REPUBLIC",
LEBANON, 259 , 314 , 303 , 237 , 161 , 209 , 247 , 265 , 41 , 27 , 23 , 14 , 15 , 33 , 48 , 45 ,LEBANON,
MACAO, 114 , 97 , 113 , 134 , 114 , 119 , 163 , 141 , 55 , 70 , 83 , 39 , 48 , 84 , 247 , 76 ,MACAO,
MALDIVES, 484 , 588 , 604 , 535 , 365 , 501 ," 1,007 ", 805 , 5 , 3 , 2 , 4 , 5 , 3 , 1 , 22 ,MALDIVES,
MONGOLIA, 65 , 73 , 101 , 113 , 104 , 143 , 193 , 153 , 1 , * , 2 , 1 , * , * , 5 , 2 ,MONGOLIA,
MYANMAR," 3,925 "," 4,134 "," 2,810 "," 2,831 "," 3,067 "," 2,711 "," 5,967 "," 4,003 ", 824 , 967 ," 1,233 "," 1,089 ", 937 ," 1,169 "," 1,411 "," 1,056 ",MYANMAR,
NEPAL, 120 , 122 , 134 , 160 , 156 , 232 , 253 , 245 , 2 , 2 , 1 , 2 , 3 , 2 , 3 , 7 ,NEPAL,

OMAN, 979 ," 1,188 "," 1,067 ", 751 , 760 ," 1,204 "," 1,505 "," 1,450 "," 1,098 "," 1,319 "," 2,273 "," 1,808 "," 2,739 "," 3,247 "," 5,239 "," 3,650 ",OMAN,
PAKISTAN," 4,855 "," 5,044 "," 5,176 "," 4,880 "," 4,761 "," 5,997 "," 6,016 "," 4,386 ", 712 , 720 , 757 ," 1,066 "," 1,097 "," 1,899 "," 1,827 "," 2,045 ",PAKISTAN,
PALESTINIAN TERRITORY OCCUPIED, 4 , 7 , 8 , 8 , 14 , 5 , 7 , 13 , 1 , 3 , 5 , 3 , 4 , 4 , 7 , 7 ,PALESTINIAN TERRITORY OCCUPIED,
PHILIPPINES," 13,638 "," 16,521 "," 16,955 "," 18,607 "," 17,607 "," 22,629 "," 28,235 "," 26,445 "," 6,596 "," 8,976 "," 9,199 "," 9,030 "," 8,780 "," 9,924 "," 13,033 "," 9,672 ",PHILIPPINES,
QATAR, 623 , 762 , 990 ," 1,685 "," 1,128 "," 1,488 "," 1,471 "," 1,452 "," 1,742 "," 2,116 "," 2,731 "," 1,799 ", 984 ," 1,139 "," 3,243 "," 2,751 ",QATAR,
SAUDI ARABIA," 3,373 "," 4,235 "," 3,771 "," 3,502 "," 4,139 "," 5,062 "," 7,160 "," 6,858 "," 10,651 "," 10,689 "," 17,901 "," 18,808 "," 16,158 "," 12,503 "," 38,155 "," 43,658 ",SAUDI ARABIA,
SINGAPORE," 114,442 "," 135,628 "," 140,249 "," 137,078 "," 142,146 "," 173,974 "," 232,484 "," 219,295 "," 72,398 "," 92,729 "," 103,071 "," 89,496 "," 73,678 "," 93,633 "," 135,040 "," 143,726 ",SINGAPORE,
"SOUTH GEORGIA AND 
THE SOUTH SANDWICH ISLANDS", * , -   , * , -   , -   , -   , * , -   , -   , -   , -   , -   , -   , * , * , -   ,"SOUTH GEORGIA AND 
THE SOUTH SANDWICH ISLANDS",
SRI LANKA," 2,418 "," 2,484 "," 2,892 "," 3,562 "," 2,628 "," 3,022 "," 3,450 "," 3,315 ", 247 , 299 , 245 , 292 , 212 , 322 , 334 , 356 ,SRI LANKA,
SYRIAN ARAB REPUBLIC, 137 , 200 , 295 , 166 , 107 , 176 , 279 , 173 , 1 , 2 , 2 , 1 , 2 , 3 , 1 , 1 ,SYRIAN ARAB REPUBLIC,
"TAIWAN, PROVINCE OF CHINA"," 21,243 "," 23,962 "," 32,814 "," 37,032 "," 33,874 "," 40,625 "," 51,745 "," 43,377 "," 41,814 "," 54,755 "," 63,576 "," 57,046 "," 58,033 "," 75,203 "," 106,003 "," 83,795 ","TAIWAN, PROVINCE OF CHINA",
TAJIKISTAN, 6 , 38 , 36 , 4 , 6 , 32 , 11 , 8 , * , * , 3 , * , * , * , * , * ,TAJIKISTAN,
THAILAND," 44,092 "," 50,508 "," 57,061 "," 56,318 "," 45,339 "," 52,162 "," 65,774 "," 58,913 "," 42,328 "," 48,141 "," 48,624 "," 44,277 "," 34,300 "," 45,383 "," 56,186 "," 54,457 ",THAILAND,
TIMOR LESTE, 60 , 75 , 56 , 115 , 128 , 86 , 302 , 195 , 1 , 3 , 4 , 2 , 1 , 109 , 97 , 2 ,TIMOR LESTE,
TURKMENISTAN, 86 , 59 , 37 , 28 , 21 , 17 , 36 , 45 , 4 , 12 , 11 , 1 , * , 14 , 1 , 3 ,TURKMENISTAN,
UNITED ARAB EMIRATES," 12,575 "," 12,019 "," 11,353 "," 11,192 "," 8,492 "," 10,619 "," 15,442 "," 14,234 "," 9,781 "," 13,161 "," 11,671 "," 15,442 "," 12,162 "," 11,706 "," 22,157 "," 25,297 ",UNITED ARAB EMIRATES,
UZBEKISTAN, 429 , 336 , 230 , 318 , 210 , 207 , 314 , 424 , 5 , 10 , 13 , 25 , 36 , 20 , 5 , 2 ,UZBEKISTAN,
VIET NAM," 23,773 "," 27,597 "," 34,329 "," 35,387 "," 30,905 "," 45,627 "," 53,623 "," 52,012 "," 18,819 "," 22,626 "," 19,457 "," 19,589 "," 18,012 "," 23,771 "," 31,747 "," 27,412 ",VIET NAM,
YEMEN, 592 , 798 , 759 , 670 , 831 , 809 , 666 ," 1,111 ", 36 , 50 , 415 , 244 , 287 , 109 , 258 , 242 ,YEMEN,

,,,,,,,,,,,,,,,,,,
ALAND ISLANDS, -   , -   , -   , -   , -   , -   , -   , -   , -   , -   , -   , -   , -   , -   , -   , -   ,ALAND ISLANDS,
ALBANIA, 45 , 18 , 42 , 21 , 20 , 15 , 14 , 79 , 2 , 1 , 1 , 12 , 50 , 13 , 2 , 5 ,ALBANIA,
ANDORRA, 1 , 1 , 2 , 5 , 1 , 1 , 2 , * , * , 1 , * , * , * , 2 , * , * ,ANDORRA,
AUSTRIA, 461 , 449 , 506 , 454 , 514 , 537 , 860 ," 1,076 "," 2,200 "," 2,336 "," 2,829 "," 2,277 "," 1,956 "," 2,748 "," 2,781 "," 2,982 ",AUSTRIA,
BELARUS, 12 , 6 , 34 , 17 , 25 , 16 , 22 , 513 , 150 , 180 , 302 , 153 , 130 , 212 , 83 , 99 ,BELARUS,
BELGIUM," 4,194 "," 4,863 "," 4,646 "," 4,521 "," 4,514 "," 6,405 "," 8,998 "," 9,342 "," 2,617 "," 2,704 "," 2,919 "," 3,345 "," 2,903 "," 4,250 "," 3,791 "," 3,727 ",BELGIUM,
BOSNIA AND HERZEGOVINA, 2 , 4 , 4 , 1 , 5 , 4 , 3 , 3 , 1 , 3 , 7 , 3 , 5 , 5 , 11 , 15 ,BOSNIA AND HERZEGOVINA,
BULGARIA, 266 , 342 , 406 , 417 , 475 , 457 , 460 , 478 , 134 , 126 , 148 , 135 , 110 , 123 , 171 , 174 ,BULGARIA,
CROATIA, 67 , 75 , 212 , 86 , 76 , 121 , 190 , 170 , 92 , 35 , 15 , 27 , 30 , 39 , 107 , 294 ,CROATIA,
CYPRUS, 53 , 72 , 62 , 59 , 46 , 59 , 41 , 37 , 54 , 40 , 30 , 26 , 44 , 33 , 32 , 48 ,CYPRUS,
CZECH REPUBLIC," 1,355 "," 1,432 "," 1,909 "," 1,906 "," 2,406 "," 3,289 "," 3,601 "," 2,636 ", 830 , 963 , 984 , 977 ," 1,040 "," 1,216 "," 1,173 "," 1,074 ",CZECH REPUBLIC,
DENMARK, 559 , 629 , 743 , 825 , 882 ," 1,218 "," 1,116 ", 886 , 788 , 842 , 938 , 996 ," 1,058 "," 1,202 "," 1,396 "," 1,480 ",DENMARK,
ESTONIA, 130 , 179 , 273 , 299 , 324 , 273 , 299 , 382 , 24 , 34 , 36 , 104 , 64 , 66 , 81 , 74 ,ESTONIA,
FAROE ISLANDS, -   , * , * , * , 1 , 1 , * , * , * , * , * , -   , * , * , 1 , 2 ,FAROE ISLANDS,
FINLAND, 423 , 532 , 591 , 622 , 690 ," 1,068 "," 1,015 "," 1,147 ", 638 , 746 , 804 , 762 ," 1,042 ", 849 ," 1,220 "," 1,239 ",FINLAND,
FRANCE," 5,746 "," 5,830 "," 6,293 "," 6,214 "," 5,141 "," 5,156 "," 8,683 "," 6,119 "," 9,486 "," 12,728 "," 16,626 "," 10,860 "," 6,260 "," 6,949 "," 9,663 "," 10,596 ",FRANCE,
GERMANY," 22,296 "," 26,673 "," 28,202 "," 26,051 "," 24,694 "," 28,506 "," 30,030 "," 30,562 "," 23,784 "," 26,278 "," 26,380 "," 26,764 "," 23,228 "," 25,490 "," 29,900 "," 32,980 ",GERMANY,
GIBRALTAR, 1 , 1 , 101 , 2 , 107 , 6 , 1 , 2 , -   , * , -   , 1 , 93 , * , 1 , 38 ,GIBRALTAR,
GREECE, 527 , 422 , 377 , 484 , 521 , 803 , 571 , 640 , 107 , 79 , 66 , 229 , 434 , 271 , 603 ," 1,508 ",GREECE,
GREENLAND, -   , * , -   , -   , -   , * , * , 3 , * , * , * , * , * , 1 , * , * ,GREENLAND,
GUERNSEY, -   , -   , -   , -   , -   , -   , -   , -   , -   , -   , -   , -   , -   , -   , -   , -   ,GUERNSEY,
HOLY SEE (VATICAN CITY STATE), * , -   , 1 , -   , * , -   , 1 , * , -   , 1 , 1 , * , -   , * , 1 , * ,HOLY SEE (VATICAN CITY STATE),
HUNGARY," 1,178 "," 1,902 "," 2,241 "," 2,315 "," 2,219 "," 2,254 "," 2,494 "," 2,381 ", 589 , 742 , 718 , 648 , 658 , 771 , 971 , 698 ,HUNGARY,
ICELAND, 5 , 4 , 15 , 4 , 6 , 231 , 628 , 103 , 6 , 7 , 1 , 1 , 2 , 6 , 4 , 3 ,ICELAND,
IRELAND, 565 , 680 ," 1,192 "," 1,253 "," 1,216 "," 1,085 ", 952 , 944 ," 2,429 "," 3,593 "," 4,642 "," 4,062 "," 2,465 "," 12,594 "," 13,096 "," 15,407 ",IRELAND,
ITALY," 4,004 "," 4,575 "," 5,807 "," 5,053 "," 5,471 "," 7,159 "," 8,426 "," 6,277 "," 5,758 "," 7,217 "," 6,689 "," 7,053 "," 6,695 "," 7,668 "," 9,932 "," 8,042 ",ITALY,
JERSEY, -   , -   , -   , -   , -   , -   , -   , -   , -   , -   , -   , -   , -   , -   , -   , -   ,JERSEY,
LATVIA, 296 , 352 , 176 , 101 , 110 , 153 , 208 , 164 , 71 , 116 , 62 , 48 , 46 , 70 , 51 , 72 ,LATVIA,
LIECHTENSTEIN, 3 , 3 , 2 , 3 , 3 , 3 , 5 , 3 , 4 , 1 , * , 6 , 12 , 19 , 25 , 52 ,LIECHTENSTEIN,
LITHUANIA, 130 , 86 , 80 , 114 , 155 , 169 , 159 , 95 , 367 , 268 , 275 , 302 , 418 , 600 , 369 , 152 ,LITHUANIA,
LUXEMBOURG, 40 , 89 , 93 , 109 , 69 , 267 , 286 , 132 , 91 , 70 , 79 , 80 , 59 , 49 , 51 , 34 ,LUXEMBOURG,
"MACEDONIA, THE FORMER 
YUGOSLAV REPUBLIC OF", 3 , 2 , 3 , 5 , 11 , 19 , 23 , 30 , 5 , 2 , 2 , 2 , 1 , 2 , 3 , 2 ,"MACEDONIA, THE FORMER 
YUGOSLAV REPUBLIC OF",
MALTA, 100 , 179 , 208 , 151 , 97 , 101 , 213 , 317 , 176 , 164 , 553 , 312 , 494 , 420 , 656 , 77 ,MALTA,
"MOLDOVA, REPUBLIC OF", 2 , 3 , 61 , 2 , 5 , 12 , 4 , 3 , 37 , 12 , 23 , 47 , 38 , 19 , 2 , 11 ,"MOLDOVA, REPUBLIC OF",
MONACO, 1 , 1 , 2 , 1 , 2 , 2 , 4 , 6 , * , * , * , * , * , 1 , 1 , * ,MONACO,
MONTENEGRO, 3 , 8 , 37 , 34 , 6 , 9 , 4 , 5 , 1 , * , * , * , 14 , * , 3 , 128 ,MONTENEGRO,
NETHERLANDS," 21,931 "," 26,900 "," 25,799 "," 26,298 "," 23,488 "," 31,174 "," 41,950 "," 35,850 "," 7,030 "," 7,852 "," 6,772 "," 5,692 "," 4,365 "," 4,838 "," 5,961 "," 5,096 ",NETHERLANDS,
NORWAY, 374 , 425 , 354 , 450 , 546 , 789 , 807 , 711 ," 1,054 "," 1,966 ", 936 , 990 , 841 , 752 ," 1,058 "," 1,051 ",NORWAY,
POLAND," 1,188 "," 1,699 "," 1,843 "," 1,820 "," 2,399 "," 3,077 "," 3,775 "," 3,207 ", 762 , 658 , 790 ," 1,143 ", 844 ," 1,114 "," 1,632 "," 1,533 ",POLAND,
PORTUGAL, 274 , 392 , 462 , 517 , 440 , 390 , 497 , 527 , 173 , 252 , 249 , 205 , 194 , 172 , 210 , 267 ,PORTUGAL,
ROMANIA, 424 , 617 , 604 , 677 , 608 , 534 ," 1,010 ", 802 , 168 , 142 , 144 , 196 , 195 , 271 , 794 , 625 ,ROMANIA,
RUSSIAN FEDERATION," 2,199 "," 2,794 "," 2,768 "," 3,646 "," 3,040 "," 3,859 "," 2,409 "," 2,826 "," 4,022 "," 3,554 "," 4,670 "," 4,461 "," 3,264 "," 4,926 "," 9,896 "," 11,394 ",RUSSIAN FEDERATION,
SAN MARINO, -   , -   , -   , * , -   , -   , -   , * , * , * , * , * , * , * , * , * ,SAN MARINO,
SERBIA, 23 , 37 , 32 , 36 , 27 , 41 , 37 , 46 , 8 , 7 , 15 , 12 , 14 , 33 , 26 , 23 ,SERBIA,
SLOVAKIA, 247 , 374 , 367 , 291 , 212 , 293 , 743 , 746 , 125 , 147 , 143 , 117 , 87 , 120 , 155 , 133 ,SLOVAKIA,
SLOVENIA, 848 ," 2,054 "," 1,657 "," 1,432 "," 1,979 "," 2,523 "," 1,723 ", 863 , 98 , 146 , 137 , 206 , 202 , 245 , 217 , 221 ,SLOVENIA,
SPAIN," 2,329 "," 2,688 "," 3,941 "," 4,516 "," 4,122 "," 4,710 "," 5,702 "," 5,653 "," 2,100 "," 2,534 "," 2,980 "," 2,769 "," 2,264 "," 2,250 "," 2,527 "," 3,138 ",SPAIN,
SVALBARD AND JAN MAYEN, * , -   , -   , -   , * , -   , -   , -   , -   , * , -   , -   , -   , -   , -   , -   ,SVALBARD AND JAN MAYEN,
SWEDEN," 1,464 "," 1,553 "," 1,315 "," 1,218 "," 1,486 "," 1,938 "," 2,064 "," 1,441 "," 1,948 "," 2,087 "," 1,818 "," 2,211 "," 1,747 "," 2,219 "," 2,640 "," 2,239 ",SWEDEN,
SWITZERLAND," 2,802 "," 5,221 "," 3,126 "," 2,144 "," 2,694 "," 1,955 "," 2,696 "," 3,629 "," 7,128 "," 11,853 "," 10,632 "," 6,507 "," 6,092 "," 7,706 "," 7,929 "," 7,163 ",SWITZERLAND,
TURKIYE," 7,145 "," 10,443 "," 7,981 "," 6,967 "," 7,737 "," 14,151 "," 17,389 "," 17,533 "," 1,245 "," 1,551 "," 1,827 "," 1,774 "," 2,004 "," 2,845 "," 2,859 "," 2,803 ",TURKIYE,
UKRAINE, 371 , 458 , 512 , 492 , 535 , 734 , 188 , 88 , 344 , 441 , 601 ," 1,013 ", 953 , 727 , 491 , 371 ,UKRAINE,
UNITED KINGDOM," 8,739 "," 9,655 "," 8,639 "," 9,109 "," 9,986 "," 9,789 "," 9,282 "," 8,781 "," 6,552 "," 6,727 "," 6,972 "," 7,352 "," 6,706 "," 7,395 "," 8,295 "," 8,517 ",UNITED KINGDOM,
"YUGOSLAVIA, FED 
REP OF", -   , -   , -   , -   , -   , -   , -   , -   , -   , -   , -   , -   , -   , -   , -   , -   ,"YUGOSLAVIA, FED 
REP OF",

AMERICAN SAMOA, 56 , 18 , 42 , 63 , 16 , 77 , 275 , 91 , 1 , * , 2 , -   , * , * , -   , * ,AMERICAN SAMOA,
AUSTRALIA," 26,819 "," 32,377 "," 33,540 "," 28,448 "," 24,359 "," 34,479 "," 48,091 "," 49,899 "," 15,610 "," 20,092 "," 21,585 "," 23,322 "," 19,687 "," 22,562 "," 40,637 "," 34,739 ",AUSTRALIA,
CHRISTMAS ISLAND, 2 , 1 , * , 1 , 7 , 18 , 5 , 5 , 53 , 61 , 40 , 26 , 28 , 13 , -   , 5 ,CHRISTMAS ISLAND,
COCOS (KEELING) ISLANDS, -   , 8 , 4 , * , * , -   , * , * , -   , -   , * , * , -   , 6 , * , * ,COCOS (KEELING) ISLANDS,
COOK ISLANDS, 1 , 1 , 1 , 1 , 1 , 1 , 1 , 2 , -   , -   , * , -   , * , * , * , -   ,COOK ISLANDS,
FIJI, 235 , 306 , 312 , 250 , 188 , 438 , 962 , 957 , 18 , 19 , 13 , 8 , 11 , 8 , 8 , 6 ,FIJI,
FRENCH POLYNESIA, 57 , 140 , 65 , 71 , 32 , 162 , 247 , 251 , -   , -   , -   , -   , * , -   , * , * ,FRENCH POLYNESIA,
"FRENCH SOUTHERN 
TERRITORIES", * , -   , -   , -   , -   , -   , -   , * , -   , * , -   , -   , -   , -   , -   , -   ,"FRENCH SOUTHERN 
TERRITORIES",
GUAM, 13 , 17 , 80 , 258 , 10 , 13 , 105 , 238 , * , * , * , 1 , 1 , 1 , 1 , 2 ,GUAM,
"HEARD ISLAND AND 
MCDONALD ISLANDS", -   , -   , -   , * , -   , -   , -   , * , * , -   , -   , -   , -   , -   , -   , -   ,"HEARD ISLAND AND 
MCDONALD ISLANDS",
KIRIBATI, 5 , 5 , 4 , 6 , 8 , 11 , 11 , 14 , 6 , 15 , 9 , 7 , 4 , 13 , 8 , 3 ,KIRIBATI,
MARSHALL ISLANDS, 4 , 2 , 3 , 5 , 9 , 4 , 277 , 65 , 23 , 2 , 10 , 144 , 46 , 67 , 7 , -   ,MARSHALL ISLANDS,
"MICRONESIA, FEDERATED STATES OF", 2 , 2 , 3 , 4 , 3 , 5 , 5 , 4 , * , 1 , * , -   , * , * , * , * ,"MICRONESIA, FEDERATED STATES OF",
NAURU, 1 , 1 , 3 , 2 , 2 , 3 , 3 , 4 , -   , 1 , * , -   , * , -   , -   , * ,NAURU,
NEW CALEDONIA, 132 , 97 , 261 , 188 , 184 , 257 , 691 , 399 , 1 , * , * , 2 , 2 , 1 , 1 , 1 ,NEW CALEDONIA,
NEW ZEALAND," 3,036 "," 4,511 "," 4,794 "," 4,712 "," 3,818 "," 4,428 "," 6,870 "," 7,385 "," 2,863 "," 3,359 "," 3,335 "," 3,205 "," 3,070 "," 3,120 "," 4,316 "," 4,168 ",NEW ZEALAND,
NIUE, -   , * , * , 1 , * , * , * , * , -   , -   , -   , -   , -   , -   , -   , -   ,NIUE,
NORFOLK ISLAND, * , 1 , * , 1 , 32 , 9 , 5 , 8 , * , 1 , 1 , * , 1 , * , 1 , * ,NORFOLK ISLAND,
NORTHERN MARIANA ISLANDS, 5 , 4 , 4 , 4 , 3 , 4 , 2 , 2 , * , -   , * , * , * , * , * , * ,NORTHERN MARIANA ISLANDS,
PALAU, 2 , * , 1 , 10 , 2 , 1 , 17 , 2 , -   , -   , -   , -   , -   , -   , * , -   ,PALAU,
PAPUA NEW GUINEA," 1,394 "," 1,445 "," 1,846 "," 1,471 "," 1,044 "," 1,414 "," 2,247 "," 2,248 ", 710 , 945 , 620 , 644 , 828 , 609 ," 1,385 ", 804 ,PAPUA NEW GUINEA,
PITCAIRN, -   , * , * , * , * , 1 , * , * , -   , -   , -   , -   , -   , * , * , -   ,PITCAIRN,
SOLOMON ISLANDS, 160 , 238 , 252 , 167 , 83 , 189 , 272 , 115 , 67 , 44 , 49 , 40 , 37 , 41 , 31 , 48 ,SOLOMON ISLANDS,
TOKELAU, -   , 3 , * , 6 , * , * , * , * , * , 1 , 2 , 4 , 52 , * , * , 2 ,TOKELAU,
TONGA, 10 , 9 , 9 , 10 , 8 , 12 , 19 , 19 , * , -   , -   , -   , 2 , 2 , * , * ,TONGA,
TUVALU, 4 , 1 , 1 , 1 , 1 , 1 , 1 , 1 , * , * , -   , -   , -   , -   , -   , -   ,TUVALU,
VANUATU, 87 , 100 , 26 , 11 , 13 , 77 , 216 , 124 , 18 , 31 , 12 , 16 , 14 , 12 , 16 , 9 ,VANUATU,
WALLIS AND FUTUNA, * , * , * , * , * , * , * , 1 , -   , -   , -   , -   , -   , -   , -   , -   ,WALLIS AND FUTUNA,
WESTERN SAMOA, 21 , 17 , 30 , 17 , 15 , 49 , 53 , 23 , 1 , * , * , * , * , 1 , 7 , * ,WESTERN SAMOA,
,,,,,,,,,,,,,,,,,,
"OTHERCTICAMOATUNAISLAND", 82 , 83 , 130 , 126 , 120 , 170 , 173 , 100 ," 5,887 "," 1,009 ", 994 , 650 , 590 , 657 ," 1,669 "," 1,019 ","OTHER9 ICAMOATUNAISLAND",
,,,,,,,,,,,,,,,,,,
